{
  "interactionModel": {
    "languageModel": {
      "invocationName": "meine packliste",
      "intents": [
        {
          "name": "AMAZON.CancelIntent",
          "samples": []
        },
        {
          "name": "AMAZON.HelpIntent",
          "samples": []
        },
        {
          "name": "AMAZON.StopIntent",
          "samples": []
        },
        {
          "name": "HelloWorldIntent",
          "slots": [],
          "samples": [
            "hello",
            "how are you",
            "say hi world",
            "say hi",
            "hi",
            "say hello world",
            "say hello"
          ]
        },
        {
          "name": "AMAZON.NavigateHomeIntent",
          "samples": []
        },
        {
          "name": "ClothingIntent",
          "slots": [],
          "samples": [
            "Regnet es heute",
            "Kleidungsempfehlung",
            "Was sollte ich heute anziehen",
            "Muss ich bei meinen Klamotten heute auf etwas achten",
            "Wie wird das Wetter heute",
            "Gib mir eine Kleidungsempfehlung",
            "brauche ich einen regenschirm",
            "Wie ist das Wetter heute",
            "Was muss ich heute anziehen"
          ]
        },
        {
          "name": "PollenIntent",
          "slots": [],
          "samples": [
            "Sind heute viele Pollen in der Luft",
            "Gibt es heute Pollenflug",
            "Bemerke ich heute meine Allergien",
            "Wie stark ist heute der Pollenflug",
            "Gib mir die Polleninformationen",
            "Fliegen heute viele Pollen",
            "Fliegen heute Pollen",
            "pollenbelastung",
            "pollen",
            "wie ist die Pollenbelastung heute",
            "Wie sieht es heute mit den Pollen aus",
            "Welche Pollen sind gerade in der Luft",
            "Welche Pollen schwieren gerade durch die Luft"
          ]
        },
        {
          "name": "ForgottenListIntent",
          "slots": [],
          "samples": [
            "Was steht auf meiner Liste",
            "Was steht auf meiner Liste gerne vergessener Dinge",
            "Was habe ich als gerne vergessen gespeichert",
            "Sag mir meine gerne vergessenen Dinge",
            "Gib mir meine Liste gerne vergessener Dinge",
            "Was habe ich als gerne vergessen notiert",
            "Was sind meine oft vergessenen Dinge",
            "Sag mir meine Liste gerne vergessener Dinge",
            "Was vergesse ich gerne"
          ]
        },
        {
          "name": "TodaysEventsIntent",
          "slots": [],
          "samples": [
            "Was habe ich heute vor",
            "Sag mir meinen Terminplan für heute",
            "Was muss ich heute machen",
            "Sag mir meine heutigen Termine",
            "Sag mir meine aktuellen Termine",
            "aktuelle Termine",
            "Termine heute",
            "Termine des Tages",
            "Was sind meine Termine",
            "Habe ich heute Termine",
            "Was ist heute angesagt",
            "Was steht heute auf dem Plan",
            "Was sind meine Termine heute",
            "Gib mir meine Termine für heute",
            "Welche Termine habe ich heute",
            "Termine",
            "Was habe ich heute für Termine"
          ]
        },
        {
          "name": "LocateIntent",
          "slots": [
            {
              "name": "plz",
              "type": "AMAZON.NUMBER"
            }
          ],
          "samples": [
            "Meine Postleitzahl lautet {plz}",
            "Die Postleitzahl lautet {plz}",
            "Postleitzahl {plz}",
            "Meine Postleitzahl ist {plz}"
          ]
        },
        {
          "name": "AddEventIntent",
          "slots": [],
          "samples": [
            "Erstelle einen neuen Termin",
            "Erstelle mir einen neuen Termin",
            "Füge einen Termin hinzu",
            "Ich möchte einen Termin hinzufügen",
            "termin hinzufuegen"
          ]
        },
        {
          "name": "AddEventNameIntent",
          "slots": [
            {
              "name": "name",
              "type": "AMAZON.SearchQuery"
            }
          ],
          "samples": [
            "Füge {name} dem Termin als Namen hinzu",
            "Der Termin ist {name}",
            "Speichere den Termin unter {name}",
            "Der Name des Termins ist {name}",
            "Der Termin soll {name} heißen",
            "Der Termin heißt {name}",
            "Der Termin soll heißen {name}"
          ]
        },
        {
          "name": "AddEventDateIntent",
          "slots": [
            {
              "name": "date",
              "type": "AMAZON.DATE"
            },
            {
              "name": "time",
              "type": "AMAZON.TIME"
            }
          ],
          "samples": [
            "{date}  um {time}",
            "{date} {time}",
            "Um {time} am {date}"
          ]
        },
        {
          "name": "AddEventListIntent",
          "slots": [
            {
              "name": "list",
              "type": "AMAZON.SearchQuery"
            }
          ],
          "samples": [
            "erinnere mich daran {list} mitzunehmen",
            "ich sollte {list} mitnehmen",
            "Für den Termin muss ich an {list} denken",
            "Dafür brauche ich {list}",
            "An dem Termin brauche ich {list}",
            "ich brauche {list}"
          ]
        },
        {
          "name": "RemoveEventIntent",
          "slots": [
            {
              "name": "name",
              "type": "AMAZON.SearchQuery"
            }
          ],
          "samples": [
            "Vergesse Termin {name}",
            "Lösche Termin {name}",
            "Entferne Termin {name}"
          ]
        },
        {
          "name": "AddElementIntent",
          "slots": [
            {
              "name": "list",
              "type": "AMAZON.SearchQuery"
            }
          ],
          "samples": [
            "Ich vergesse immer {list} füge das der Liste hinzu",
            "Ich vergesse immer {list}",
            "Auf meiner Liste fehlt noch {list}",
            "Ich brauche noch {list} in meiner Liste",
            "Füge {list} meiner Liste hinzu"
          ]
        },
        {
          "name": "RemoveElementIntent",
          "slots": [
            {
              "name": "element",
              "type": "AMAZON.SearchQuery"
            }
          ],
          "samples": [
            "Lösche {element} aus meiner Liste",
            "Entferne {element} aus meiner Liste"
          ]
        },
        {
          "name": "SuperAnswerIntent",
          "slots": [],
          "samples": [
            "Was muss ich heute mitnehmen",
            "Meine Packliste für heute",
            "heute"
          ]
        },
        {
          "name": "SettingsIntent",
          "slots": [],
          "samples": [
            "Einstellungen ändern",
            "bearbeite Einstellungen",
            "öffne Einstellungen",
            "Einstellungen öffnen",
            "Einstellungen"
          ]
        },
        {
          "name": "AMAZON.YesIntent",
          "samples": []
        },
        {
          "name": "AMAZON.NoIntent",
          "samples": []
        },
        {
          "name": "ForgottenListFrequencyIntent",
          "slots": [
            {
              "name": "frequency",
              "type": "frequency"
            }
          ],
          "samples": [
            "{frequency}"
          ]
        }
      ],
      "types": [
        {
          "values": [
            {
              "name": {
                "value": "dreitägig",
                "synonyms": [
                  "alle drei Tage"
                ]
              }
            },
            {
              "name": {
                "value": "wöchentlich"
              }
            },
            {
              "name": {
                "value": "täglich"
              }
            }
          ],
          "name": "frequency"
        }
      ]
    }
  },
  "version": "20"
}